﻿<?xml version='1.0' encoding='UTF-8'?>
<gallery cellDimension="1660" columns="3" zoomOutPerc="10" zoomInPerc="50" frameWidth="20" captionColor="0xFFFFFF" enableRightClickOpen="true">
<image>
<url>../Assets/Gallery/images/large/Amsterdam%20Bug.jpg</url>
<caption></caption>
</image>
<image>
<url>../Assets/Gallery/images/large/Amsterdam.jpg</url>
<caption></caption>
</image>
<image>
<url>../Assets/Gallery/images/large/Awakening.jpg</url>
<caption></caption>
</image>
<image>
<url>../Assets/Gallery/images/large/Iced%20Donuts.jpg</url>
<caption></caption>
</image>
<image>
<url>../Assets/Gallery/images/large/Light%20Paint.jpg</url>
<caption></caption>
</image>
<image>
<url>../Assets/Gallery/images/large/Psych%20Squad.jpg</url>
<caption></caption>
</image>
<image>
<url>../Assets/Gallery/images/large/Regal.jpg</url>
<caption></caption>
</image>
<image>
<url>../Assets/Gallery/images/large/Winter%20Wonderland.jpg</url>
<caption></caption>
</image>
</gallery>
